Number,Type,Name,Registration Point,Filename
1,bitmap,1.01,"(50, 44)",
2,bitmap,1.02,"(50, 44)",
3,bitmap,1.10,"(50, 44)",
4,bitmap,1.11,"(50, 44)",
5,bitmap,1.12,"(50, 44)",
6,bitmap,1.13,"(50, 44)",
7,bitmap,1.14,"(50, 44)",
8,bitmap,1.15,"(50, 44)",
9,bitmap,1.16,"(50, 44)",
10,bitmap,1.18,"(50, 44)",
11,bitmap,1.22,"(50, 44)",
12,bitmap,1.25,"(50, 44)",
13,bitmap,1.25a,"(50, 44)",
14,bitmap,1.26,"(50, 44)",
15,bitmap,1.28,"(50, 44)",
16,bitmap,1.29,"(50, 44)",
17,bitmap,1.30,"(50, 44)",
18,bitmap,2.01,"(50, 50)",
19,bitmap,2.02,"(50, 50)",
20,bitmap,2.03,"(50, 50)",
21,bitmap,2.04,"(50, 50)",
22,bitmap,2.05,"(50, 50)",
23,bitmap,2.06,"(50, 50)",
24,bitmap,2.07,"(50, 50)",
25,bitmap,2.08,"(50, 50)",
26,bitmap,2.09,"(50, 50)",
27,bitmap,2.12,"(50, 50)",
28,bitmap,2.13,"(50, 50)",
29,bitmap,2.14,"(50, 50)",
30,bitmap,2.17,"(50, 50)",
31,bitmap,2.20,"(50, 50)",
32,bitmap,2.30.1,"(50, 50)",
33,bitmap,2.31,"(50, 50)",
34,bitmap,2.32,"(50, 50)",
35,bitmap,2.34,"(50, 50)",
36,bitmap,2.35,"(50, 50)",
37,bitmap,2.36,"(50, 50)",
38,bitmap,2.37,"(50, 50)",
39,bitmap,2.38,"(50, 50)",
40,bitmap,2.39,"(50, 50)",
41,bitmap,2.40,"(50, 50)",
42,bitmap,2.42,"(50, 50)",
43,bitmap,2.43,"(50, 50)",
44,bitmap,2.45,"(50, 50)",
45,bitmap,2.46,"(50, 50)",
46,bitmap,2.49-5.04,"(50, 78)",
47,bitmap,2.49-5.05,"(50, 77)",
48,bitmap,2.49-5.06,"(50, 77)",
49,bitmap,2.49,"(50, 50)",
50,bitmap,2.50-5.04,"(50, 78)",
51,bitmap,2.50-5.05,"(50, 77)",
52,bitmap,2.50-5.06,"(50, 77)",
53,bitmap,2.50,"(50, 50)",
54,bitmap,2.53,"(50, 50)",
55,bitmap,2.54,"(50, 50)",
56,bitmap,2.55,"(50, 50)",
57,bitmap,2.57,"(50, 50)",
58,bitmap,2.58,"(50, 50)",
59,bitmap,2.59-5-a,"(50, 36)",
60,bitmap,2.59-6-a,"(50, 36)",
61,bitmap,2.60,"(50, 50)",
62,bitmap,2.61,"(50, 50)",
63,bitmap,2.62,"(50, 50)",
64,bitmap,2.64,"(50, 50)",
65,bitmap,2.65.1,"(50, 42)",
66,bitmap,2.65.2,"(43, 42)",
67,bitmap,2.65.3,"(36, 42)",
68,bitmap,20002,"(205, 137)",
69,bitmap,20003,"(205, 137)",
70,bitmap,20006,"(200, 137)",
71,bitmap,20008,"(205, 137)",
72,bitmap,20009,"(200, 137)",
73,bitmap,20010,"(171, 137)",
74,bitmap,20012,"(200, 137)",
75,bitmap,20014,"(205, 137)",
76,bitmap,20015,"(200, 137)",
77,bitmap,20019,"(202, 137)",
78,bitmap,20023,"(202, 137)",
79,bitmap,20025,"(205, 137)",
80,bitmap,20026,"(202, 137)",
81,bitmap,20030,"(172, 137)",
82,bitmap,20032,"(205, 137)",
83,bitmap,20033,"(205, 137)",
84,bitmap,20034,"(171, 137)",
85,bitmap,20035,"(205, 137)",
86,bitmap,20036,"(205, 137)",
87,bitmap,20037,"(173, 137)",
88,bitmap,20040,"(205, 137)",
89,bitmap,20045,"(200, 137)",
90,bitmap,20046,"(202, 137)",
91,bitmap,20051,"(202, 137)",
92,bitmap,20052,"(202, 137)",
93,bitmap,20053,"(202, 137)",
94,bitmap,20054,"(205, 137)",
95,bitmap,20056,"(239, 137)",
96,bitmap,20062,"(199, 137)",
97,bitmap,20063,"(205, 137)",
98,bitmap,20068,"(199, 137)",
99,bitmap,20069,"(205, 137)",
100,bitmap,20077,"(172, 137)",
101,bitmap,20079,"(200, 137)",
102,bitmap,20083,"(205, 137)",
103,bitmap,20094,"(205, 137)",
104,bitmap,20095,"(205, 137)",
105,bitmap,20096,"(205, 137)",
106,bitmap,20097,"(205, 137)",
107,bitmap,20099,"(205, 137)",
108,bitmap,20100,"(205, 137)",
109,bitmap,20103,"(205, 137)",
110,bitmap,20107,"(205, 137)",
111,bitmap,20109,"(205, 137)",
112,bitmap,20110,"(205, 137)",
113,bitmap,20117,"(205, 137)",
114,bitmap,20120,"(178, 137)",
115,bitmap,20121,"(205, 137)",
116,bitmap,20127,"(205, 137)",
117,bitmap,20132,"(205, 137)",
118,bitmap,20140,"(205, 137)",
119,bitmap,20142,"(205, 137)",
120,bitmap,20150,"(205, 137)",
121,bitmap,20152,"(202, 137)",
122,bitmap,20156,"(205, 137)",
123,bitmap,20161,"(205, 137)",
124,bitmap,20162,"(205, 137)",
125,bitmap,20166,"(205, 137)",
126,bitmap,20169,"(178, 137)",
127,bitmap,20174,"(205, 137)",
128,bitmap,20176,"(205, 137)",
129,bitmap,20178,"(205, 137)",
130,bitmap,20187,"(205, 137)",
131,bitmap,20189,"(205, 137)",
132,bitmap,20191,"(205, 137)",
133,bitmap,20195,"(205, 137)",
134,bitmap,20205,"(205, 137)",
135,bitmap,20212,"(173, 137)",
136,bitmap,20213,"(205, 137)",
137,bitmap,20216,"(205, 137)",
138,bitmap,20220,"(206, 137)",
139,bitmap,20222,"(209, 137)",
140,bitmap,20223,"(205, 137)",
141,bitmap,20225,"(205, 137)",
142,bitmap,20227,"(205, 137)",
143,bitmap,20229,"(205, 137)",
144,bitmap,20230,"(205, 137)",
145,bitmap,20232,"(205, 137)",
146,bitmap,20244,"(205, 137)",
147,bitmap,20245,"(205, 137)",
148,bitmap,20246,"(205, 137)",
149,bitmap,20247,"(205, 137)",
150,bitmap,20251,"(205, 137)",
151,bitmap,20252,"(205, 137)",
152,bitmap,20253,"(205, 137)",
153,bitmap,20257,"(203, 137)",
154,bitmap,20264,"(205, 137)",
155,bitmap,20265,"(205, 137)",
156,bitmap,20275,"(205, 137)",
157,bitmap,20276,"(205, 137)",
158,bitmap,20279,"(205, 137)",
159,bitmap,20281,"(205, 137)",
160,bitmap,20282,"(172, 137)",
161,bitmap,20283,"(205, 137)",
162,bitmap,20284,"(205, 137)",
163,bitmap,20290,"(205, 137)",
164,bitmap,20291,"(205, 137)",
165,bitmap,20298,"(205, 137)",
166,bitmap,20306,"(205, 137)",
167,bitmap,20309,"(205, 137)",
168,bitmap,20321,"(205, 137)",
169,bitmap,20322,"(205, 137)",
170,bitmap,20328,"(205, 137)",
171,bitmap,20331,"(205, 137)",
172,bitmap,21129,"(205, 137)",
173,bitmap,21208,"(172, 137)",
174,bitmap,21209,"(205, 137)",
175,bitmap,21210,"(205, 137)",
176,bitmap,21211,"(205, 137)",
177,bitmap,21212,"(206, 137)",
178,bitmap,21213,"(209, 137)",
179,bitmap,21214,"(206, 137)",
180,bitmap,25001,"(205, 137)",
181,bitmap,25002,"(203, 137)",
182,bitmap,25003,"(205, 137)",
183,bitmap,25005,"(205, 137)",
184,bitmap,25006,"(205, 137)",
185,bitmap,25007,"(205, 137)",
186,bitmap,25008,"(205, 137)",
187,bitmap,25009,"(205, 137)",
188,bitmap,25011,"(205, 137)",
189,bitmap,25012,"(205, 137)",
190,bitmap,25013,"(205, 137)",
191,bitmap,25014,"(205, 137)",
192,bitmap,25015,"(205, 137)",
193,bitmap,25016,"(205, 137)",
194,bitmap,25017,"(205, 137)",
195,bitmap,25018,"(201, 137)",
196,bitmap,25019,"(206, 137)",
197,bitmap,25020,"(205, 137)",
198,bitmap,25021,"(205, 137)",
199,bitmap,25022,"(203, 137)",
200,bitmap,25023,"(203, 137)",
201,bitmap,25024,"(203, 137)",
202,bitmap,25025,"(203, 137)",
203,bitmap,25027,"(205, 137)",
204,bitmap,25029,"(205, 137)",
205,bitmap,25030,"(205, 137)",
206,bitmap,25031,"(205, 137)",
207,bitmap,25032,"(205, 137)",
208,bitmap,25033,"(205, 137)",
209,bitmap,25034,"(205, 137)",
210,bitmap,25035,"(206, 137)",
211,bitmap,25036,"(206, 137)",
212,bitmap,25037,"(182, 137)",
213,bitmap,25038,"(182, 137)",
214,bitmap,25039,"(182, 137)",
215,bitmap,25040,"(182, 137)",
216,bitmap,25041,"(182, 137)",
217,bitmap,25042,"(182, 137)",
218,bitmap,25043,"(182, 137)",
219,bitmap,25044,"(182, 137)",
220,bitmap,25045,"(182, 137)",
221,bitmap,25046,"(182, 137)",
222,bitmap,25047,"(182, 137)",
223,bitmap,25048,"(182, 137)",
224,bitmap,25049,"(182, 137)",
225,bitmap,25050,"(205, 137)",
226,bitmap,25051,"(205, 137)",
227,bitmap,25052,"(205, 137)",
228,bitmap,25053,"(205, 137)",
229,bitmap,25054,"(182, 137)",
230,bitmap,25056,"(205, 137)",
231,bitmap,25057,"(205, 137)",
232,bitmap,25058,"(205, 137)",
233,bitmap,25076,"(205, 137)",
234,bitmap,3.03,"(50, 50)",
235,bitmap,3.04,"(50, 50)",
236,bitmap,3.05,"(50, 44)",
237,bitmap,3.06,"(50, 44)",
238,bitmap,3.07,"(50, 44)",
239,bitmap,3.09,"(50, 50)",
240,bitmap,3.10,"(50, 50)",
241,bitmap,3.20,"(50, 44)",
242,bitmap,3.23,"(50, 38)",
243,bitmap,30001,"(185, 137)",
244,bitmap,30002,"(210, 142)",
245,bitmap,30003,"(185, 137)",
246,bitmap,30004,"(210, 141)",
247,bitmap,30005,"(184, 137)",
248,bitmap,30006,"(202, 137)",
249,bitmap,30007,"(202, 137)",
250,bitmap,30008,"(192, 137)",
251,bitmap,30009,"(210, 142)",
252,bitmap,30010,"(210, 142)",
253,bitmap,30011,"(210, 142)",
254,bitmap,30012,"(210, 142)",
255,bitmap,30013,"(213, 137)",
256,bitmap,30014,"(186, 137)",
257,bitmap,30015,"(192, 137)",
258,bitmap,30016,"(210, 142)",
259,bitmap,30017,"(185, 137)",
260,bitmap,30018,"(210, 142)",
261,bitmap,30019,"(154, 137)",
262,bitmap,30020,"(202, 137)",
263,bitmap,30022,"(210, 141)",
264,bitmap,30023,"(210, 141)",
265,bitmap,30024,"(154, 137)",
266,bitmap,30025,"(210, 142)",
267,bitmap,30026,"(210, 142)",
268,bitmap,30027,"(210, 142)",
269,bitmap,30028,"(202, 137)",
270,bitmap,30029,"(202, 137)",
271,bitmap,30030,"(210, 142)",
272,bitmap,30031,"(154, 137)",
273,bitmap,30032,"(202, 137)",
274,bitmap,30033,"(210, 142)",
275,bitmap,30034,"(210, 142)",
276,bitmap,30035,"(202, 137)",
277,bitmap,30036,"(241, 137)",
278,bitmap,30037,"(210, 142)",
279,bitmap,30038,"(210, 142)",
280,bitmap,30039,"(210, 142)",
281,bitmap,30040,"(210, 142)",
282,bitmap,30041,"(154, 137)",
283,bitmap,30042,"(210, 142)",
284,bitmap,30043,"(210, 141)",
285,bitmap,30044,"(210, 141)",
286,bitmap,30045,"(210, 142)",
287,bitmap,30046,"(210, 142)",
288,bitmap,30047,"(210, 142)",
289,bitmap,30048,"(184, 137)",
290,bitmap,30049,"(210, 141)",
291,bitmap,30050,"(202, 137)",
292,bitmap,30051,"(210, 142)",
293,bitmap,30052,"(210, 142)",
294,bitmap,30053,"(210, 142)",
295,bitmap,30054,"(185, 137)",
296,bitmap,30055,"(210, 141)",
297,bitmap,30056,"(210, 142)",
298,bitmap,30057,"(210, 142)",
299,bitmap,30058,"(190, 137)",
300,bitmap,30059,"(192, 137)",
301,bitmap,30060,"(210, 142)",
302,bitmap,30061,"(210, 142)",
303,bitmap,30062,"(202, 137)",
304,bitmap,30063,"(210, 142)",
305,bitmap,30064,"(210, 141)",
306,bitmap,30065,"(210, 142)",
307,bitmap,30066,"(202, 137)",
308,bitmap,30067,"(192, 137)",
309,bitmap,30068,"(210, 142)",
310,bitmap,30069,"(210, 142)",
311,bitmap,30070,"(202, 137)",
312,bitmap,30071,"(210, 142)",
313,bitmap,30072,"(190, 137)",
314,bitmap,30073,"(210, 142)",
315,bitmap,30074,"(210, 142)",
316,bitmap,30075,"(210, 142)",
317,bitmap,30076,"(210, 142)",
318,bitmap,30077,"(192, 137)",
319,bitmap,30078,"(210, 142)",
320,bitmap,30079,"(210, 142)",
321,bitmap,30080,"(192, 137)",
322,bitmap,30081,"(210, 142)",
323,bitmap,30082,"(192, 137)",
324,bitmap,30083,"(192, 137)",
325,bitmap,30084,"(210, 142)",
326,bitmap,30085,"(210, 142)",
327,bitmap,30086,"(185, 137)",
328,bitmap,30087,"(210, 142)",
329,bitmap,30088,"(210, 142)",
330,bitmap,30089,"(210, 141)",
331,bitmap,30090,"(210, 142)",
332,bitmap,30091,"(210, 142)",
333,bitmap,30092,"(210, 142)",
334,bitmap,30093,"(210, 142)",
335,bitmap,30094,"(192, 137)",
336,bitmap,30096,"(210, 142)",
337,bitmap,30097,"(210, 142)",
338,bitmap,30098,"(210, 141)",
339,bitmap,30099,"(210, 141)",
340,bitmap,30100,"(209, 142)",
341,bitmap,30101,"(210, 142)",
342,bitmap,30102,"(202, 137)",
343,bitmap,30103,"(210, 142)",
344,bitmap,30104,"(210, 142)",
345,bitmap,30105,"(210, 142)",
346,bitmap,30106,"(192, 137)",
347,bitmap,30107,"(210, 142)",
348,bitmap,30108,"(210, 142)",
349,bitmap,4.01,"(50, 69)",
350,bitmap,4.02,"(50, 69)",
351,bitmap,4.03,"(50, 69)",
352,bitmap,4.05,"(50, 50)",
353,bitmap,4.06,"(50, 50)",
354,bitmap,4.07,"(50, 69)",
355,bitmap,4.08,"(50, 50)",
356,bitmap,4.09,"(50, 50)",
357,bitmap,4.12,"(50, 69)",
358,bitmap,4.14,"(50, 50)",
359,bitmap,4.15,"(50, 69)",
360,bitmap,4.16,"(50, 69)",
361,bitmap,4.17,"(50, 50)",
362,bitmap,4.18,"(50, 69)",
363,bitmap,4.19,"(50, 69)",
364,bitmap,4.20,"(50, 69)",
365,bitmap,4.27,"(50, 35)",
366,bitmap,4.28,"(50, 35)",
367,bitmap,4.29,"(50, 36)",
368,bitmap,4.30,"(50, 36)",
369,bitmap,4.31,"(60, 15)",
370,bitmap,4.31x,"(60, 15)",
371,bitmap,4.32,"(60, 15)",
372,bitmap,4.32x,"(60, 15)",
373,bitmap,4.33,"(60, 14)",
374,bitmap,4.34.1,"(60, 14)",
375,bitmap,4.34,"(60, 14)",
376,bitmap,4.34x,"(60, 15)",
377,bitmap,4.62,"(50, 37)",
378,bitmap,4.63,"(50, 50)",
379,bitmap,4.77.1,"(49, 49)",
380,bitmap,4.77.2,"(49, 49)",
381,bitmap,4.77,"(49, 49)",
382,bitmap,4.83,"(50, 69)",
383,bitmap,40001,"(213, 142)",
384,bitmap,40002,"(213, 142)",
385,bitmap,40003,"(212, 142)",
386,bitmap,40004,"(213, 142)",
387,bitmap,40005,"(213, 142)",
388,bitmap,40006,"(213, 142)",
389,bitmap,40007,"(205, 137)",
390,bitmap,40008,"(205, 137)",
391,bitmap,40009,"(213, 142)",
392,bitmap,40010,"(204, 137)",
393,bitmap,40011,"(214, 142)",
394,bitmap,40012,"(213, 142)",
395,bitmap,40013,"(213, 142)",
396,bitmap,40015,"(217, 142)",
397,bitmap,40016,"(213, 142)",
398,bitmap,40017,"(213, 142)",
399,bitmap,40019,"(204, 137)",
400,bitmap,40020,"(212, 142)",
401,bitmap,40022,"(213, 142)",
402,bitmap,40023,"(213, 142)",
403,bitmap,40024,"(214, 142)",
404,bitmap,40025,"(205, 137)",
405,bitmap,40026,"(213, 142)",
406,bitmap,40027,"(217, 142)",
407,bitmap,40028,"(213, 142)",
408,bitmap,40029,"(213, 142)",
409,bitmap,40030,"(212, 142)",
410,bitmap,40031,"(212, 142)",
411,bitmap,40032,"(213, 142)",
412,bitmap,40034,"(213, 142)",
413,bitmap,40035,"(205, 137)",
414,bitmap,40036,"(213, 142)",
415,bitmap,40037,"(213, 142)",
416,bitmap,40038,"(212, 142)",
417,bitmap,40039,"(204, 137)",
418,bitmap,40040,"(213, 142)",
419,bitmap,40041,"(214, 142)",
420,bitmap,40042,"(213, 142)",
421,bitmap,40043,"(213, 142)",
422,bitmap,40045,"(212, 142)",
423,bitmap,40048,"(213, 142)",
424,bitmap,40049,"(213, 142)",
425,bitmap,40050,"(213, 142)",
426,bitmap,40051,"(214, 142)",
427,bitmap,40052,"(214, 142)",
428,bitmap,40053,"(213, 142)",
429,bitmap,40054,"(212, 142)",
430,bitmap,40055,"(213, 142)",
431,bitmap,40056,"(213, 142)",
432,bitmap,40057,"(212, 142)",
433,bitmap,40058,"(213, 142)",
434,bitmap,40060,"(213, 142)",
435,bitmap,40061,"(212, 142)",
436,bitmap,40062,"(204, 137)",
437,bitmap,40063,"(217, 142)",
438,bitmap,40064,"(213, 142)",
439,bitmap,40065,"(213, 142)",
440,bitmap,40066,"(214, 142)",
441,bitmap,40067,"(213, 142)",
442,bitmap,40068,"(212, 142)",
443,bitmap,40069,"(213, 142)",
444,bitmap,40070,"(213, 142)",
445,bitmap,40071,"(213, 142)",
446,bitmap,40073,"(206, 137)",
447,bitmap,40074,"(213, 142)",
448,bitmap,40075,"(213, 142)",
449,bitmap,40076,"(213, 142)",
450,bitmap,40077,"(213, 142)",
451,bitmap,40078,"(213, 142)",
452,bitmap,40079,"(212, 142)",
453,bitmap,40080,"(214, 142)",
454,bitmap,40081,"(213, 142)",
455,bitmap,40082,"(212, 142)",
456,bitmap,40083,"(213, 142)",
457,bitmap,40084,"(204, 137)",
458,bitmap,40085,"(212, 142)",
459,bitmap,40086,"(213, 142)",
460,bitmap,40087,"(192, 137)",
461,bitmap,40089,"(205, 137)",
462,bitmap,40090,"(206, 137)",
463,bitmap,40091,"(213, 142)",
464,bitmap,40092,"(213, 142)",
465,bitmap,40094,"(213, 142)",
466,bitmap,40095,"(213, 142)",
467,bitmap,40096,"(213, 142)",
468,bitmap,40098,"(212, 142)",
469,bitmap,40099,"(213, 142)",
470,bitmap,40100,"(213, 142)",
471,bitmap,40101,"(213, 142)",
472,bitmap,40102,"(212, 142)",
473,bitmap,40103,"(213, 142)",
474,bitmap,40105,"(213, 142)",
475,bitmap,40106,"(205, 137)",
476,bitmap,40107,"(213, 142)",
477,bitmap,40108,"(212, 142)",
478,bitmap,40109,"(213, 142)",
479,bitmap,40110,"(213, 142)",
480,bitmap,40111,"(213, 142)",
481,bitmap,40112,"(205, 137)",
482,bitmap,40113,"(212, 142)",
483,bitmap,40114,"(213, 142)",
484,bitmap,40115,"(204, 137)",
485,bitmap,40116,"(213, 142)",
486,bitmap,40117,"(212, 142)",
487,bitmap,40118,"(213, 142)",
488,bitmap,40119,"(212, 142)",
489,bitmap,40121,"(213, 142)",
490,bitmap,40122,"(213, 142)",
491,bitmap,40123,"(213, 142)",
492,bitmap,40124,"(213, 142)",
493,bitmap,40125,"(211, 142)",
494,bitmap,40126,"(213, 142)",
495,bitmap,40128,"(213, 142)",
496,bitmap,40129,"(213, 142)",
497,bitmap,40130,"(204, 137)",
498,bitmap,40131,"(212, 142)",
499,bitmap,40132,"(213, 142)",
500,bitmap,40133,"(213, 142)",
501,bitmap,40134,"(213, 142)",
502,bitmap,40135,"(213, 142)",
503,bitmap,40136,"(212, 142)",
504,bitmap,40137,"(213, 142)",
505,bitmap,40138,"(204, 137)",
506,bitmap,40139,"(204, 137)",
507,bitmap,40140,"(212, 142)",
508,bitmap,40141,"(212, 142)",
509,bitmap,40143,"(213, 142)",
510,bitmap,40144,"(214, 142)",
511,bitmap,40145,"(213, 142)",
512,bitmap,40146,"(212, 142)",
513,bitmap,40147,"(213, 142)",
514,bitmap,40148,"(213, 142)",
515,bitmap,40150,"(213, 142)",
516,bitmap,40152,"(204, 137)",
517,bitmap,40153,"(204, 137)",
518,bitmap,40154,"(212, 142)",
519,bitmap,40155,"(213, 142)",
520,bitmap,40156,"(212, 142)",
521,bitmap,40157,"(204, 137)",
522,bitmap,40159,"(213, 142)",
523,bitmap,40160,"(204, 137)",
524,bitmap,40162,"(213, 142)",
525,bitmap,40163,"(213, 142)",
526,bitmap,40164,"(213, 142)",
527,bitmap,40165,"(204, 137)",
528,bitmap,40166,"(213, 142)",
529,bitmap,40167,"(213, 142)",
530,bitmap,40168,"(206, 137)",
531,bitmap,40169,"(213, 142)",
532,bitmap,40170,"(213, 142)",
533,bitmap,40171,"(212, 142)",
534,bitmap,40172,"(213, 142)",
535,bitmap,40173,"(213, 142)",
536,bitmap,40174,"(212, 142)",
537,bitmap,40175,"(204, 137)",
538,bitmap,40177,"(213, 142)",
539,bitmap,40178,"(213, 142)",
540,bitmap,40179,"(213, 142)",
541,bitmap,40180,"(213, 142)",
542,bitmap,40181,"(213, 142)",
543,bitmap,40182,"(213, 142)",
544,bitmap,40184,"(204, 137)",
545,bitmap,40185,"(213, 142)",
546,bitmap,40186,"(205, 137)",
547,bitmap,40187,"(204, 137)",
548,bitmap,40188,"(212, 142)",
549,bitmap,40189,"(212, 142)",
550,bitmap,40190,"(213, 142)",
551,bitmap,40191,"(206, 137)",
552,bitmap,40193,"(212, 142)",
553,bitmap,40194,"(204, 137)",
554,bitmap,40195,"(213, 142)",
555,bitmap,40196,"(213, 142)",
556,bitmap,40197,"(212, 142)",
557,bitmap,40198,"(213, 142)",
558,bitmap,40199,"(212, 142)",
559,bitmap,40200,"(213, 142)",
560,bitmap,40201,"(213, 142)",
561,bitmap,40202,"(212, 142)",
562,bitmap,40203,"(213, 142)",
563,bitmap,40204,"(212, 142)",
564,bitmap,40205,"(213, 142)",
565,bitmap,40206,"(213, 142)",
566,bitmap,40207,"(212, 142)",
567,bitmap,40208,"(213, 142)",
568,bitmap,40209,"(213, 142)",
569,bitmap,40210,"(213, 142)",
570,bitmap,40211,"(212, 142)",
571,bitmap,40213,"(213, 142)",
572,bitmap,40214,"(213, 142)",
573,bitmap,40215,"(213, 142)",
574,bitmap,40216,"(213, 142)",
575,bitmap,40217,"(213, 142)",
576,bitmap,40218,"(213, 142)",
577,bitmap,40219,"(204, 137)",
578,bitmap,40220,"(213, 142)",
579,bitmap,40221,"(204, 137)",
580,bitmap,40222,"(213, 142)",
581,bitmap,40223,"(213, 142)",
582,bitmap,40224,"(213, 142)",
583,bitmap,40225,"(213, 142)",
584,bitmap,40226,"(213, 142)",
585,bitmap,40227,"(213, 142)",
586,bitmap,40228,"(213, 142)",
587,bitmap,40229,"(204, 137)",
588,bitmap,40230,"(213, 142)",
589,bitmap,40231,"(204, 137)",
590,bitmap,40232,"(213, 142)",
591,bitmap,40233,"(213, 142)",
592,bitmap,40234,"(213, 142)",
593,bitmap,40236,"(205, 137)",
594,bitmap,40237,"(204, 137)",
595,bitmap,40238,"(213, 142)",
596,bitmap,40239,"(213, 142)",
597,bitmap,40240,"(213, 142)",
598,bitmap,40241,"(213, 142)",
599,bitmap,40242,"(204, 137)",
600,bitmap,40243,"(213, 142)",
601,bitmap,40244,"(213, 142)",
602,bitmap,40245,"(213, 142)",
603,bitmap,40246,"(204, 137)",
604,bitmap,40247,"(213, 142)",
605,bitmap,40248,"(213, 142)",
606,bitmap,40249,"(212, 142)",
607,bitmap,40250,"(205, 137)",
608,bitmap,40251,"(204, 137)",
609,bitmap,40252,"(213, 142)",
610,bitmap,40253,"(213, 142)",
611,bitmap,40254,"(204, 137)",
612,bitmap,40255,"(204, 137)",
613,bitmap,40256,"(213, 142)",
614,bitmap,40257,"(213, 142)",
615,bitmap,40258,"(213, 142)",
616,bitmap,40259,"(213, 142)",
617,bitmap,40260,"(212, 142)",
618,bitmap,40261,"(212, 142)",
619,bitmap,40262,"(213, 142)",
620,bitmap,40263,"(213, 142)",
621,bitmap,40264,"(212, 142)",
622,bitmap,40265,"(212, 142)",
623,bitmap,40266,"(205, 137)",
624,bitmap,40267,"(214, 142)",
625,bitmap,40268,"(213, 142)",
626,bitmap,40269,"(213, 142)",
627,bitmap,40270,"(213, 142)",
628,bitmap,40271,"(213, 142)",
629,bitmap,40272,"(205, 137)",
630,bitmap,40273,"(213, 142)",
631,bitmap,40274,"(213, 142)",
632,bitmap,40275,"(212, 142)",
633,bitmap,40276,"(213, 142)",
634,bitmap,40277,"(213, 142)",
635,bitmap,40278,"(213, 142)",
636,bitmap,40279,"(213, 142)",
637,bitmap,40280,"(213, 142)",
638,bitmap,40281,"(213, 142)",
639,bitmap,40282,"(204, 137)",
640,bitmap,40283,"(206, 137)",
641,bitmap,40285,"(213, 142)",
642,bitmap,40286,"(213, 142)",
643,bitmap,40287,"(213, 142)",
644,bitmap,40289,"(213, 142)",
645,bitmap,40290,"(213, 142)",
646,bitmap,40291,"(213, 142)",
647,bitmap,40292,"(213, 142)",
648,bitmap,40293,"(204, 137)",
649,bitmap,40294,"(213, 142)",
650,bitmap,40295,"(212, 142)",
651,bitmap,40296,"(204, 137)",
652,bitmap,40298,"(213, 142)",
653,bitmap,40299,"(213, 142)",
654,bitmap,40300,"(213, 142)",
655,bitmap,40301,"(213, 142)",
656,bitmap,40302,"(213, 142)",
657,bitmap,40303,"(213, 142)",
658,bitmap,40305,"(213, 142)",
659,bitmap,40306,"(212, 142)",
660,bitmap,40307,"(213, 142)",
661,bitmap,40308,"(213, 142)",
662,bitmap,40309,"(212, 142)",
663,bitmap,40310,"(213, 142)",
664,bitmap,40311,"(212, 142)",
665,bitmap,40312,"(213, 142)",
666,bitmap,40313,"(213, 142)",
667,bitmap,40314,"(213, 142)",
668,bitmap,40315,"(204, 137)",
669,bitmap,40316,"(213, 142)",
670,bitmap,40317,"(212, 142)",
671,bitmap,40318,"(205, 137)",
672,bitmap,40320,"(214, 142)",
673,bitmap,40321,"(204, 137)",
674,bitmap,40322,"(213, 142)",
675,bitmap,40323,"(213, 142)",
676,bitmap,40324,"(213, 142)",
677,bitmap,40325,"(213, 142)",
678,bitmap,40326,"(212, 142)",
679,bitmap,40327,"(213, 142)",
680,bitmap,40328,"(204, 137)",
681,bitmap,40329,"(212, 142)",
682,bitmap,40331,"(204, 137)",
683,bitmap,40332,"(212, 142)",
684,bitmap,40333,"(213, 142)",
685,bitmap,40334,"(213, 142)",
686,bitmap,40335,"(213, 142)",
687,bitmap,40336,"(213, 142)",
688,bitmap,40338,"(204, 137)",
689,bitmap,40339,"(204, 137)",
690,bitmap,40340,"(213, 142)",
691,bitmap,40341,"(204, 137)",
692,bitmap,40342,"(213, 142)",
693,bitmap,41587,"(211, 142)",
694,bitmap,41588,"(211, 142)",
695,bitmap,41589,"(211, 142)",
696,bitmap,41590,"(211, 142)",
697,bitmap,41591,"(211, 142)",
698,bitmap,41592,"(211, 142)",
699,bitmap,41593,"(211, 142)",
700,bitmap,41594,"(211, 142)",
701,bitmap,41595,"(211, 142)",
702,bitmap,41596,"(205, 137)",
703,bitmap,41597,"(205, 137)",
704,bitmap,41598,"(211, 142)",
705,bitmap,41599,"(203, 137)",
706,bitmap,41600,"(211, 142)",
707,bitmap,41601,"(211, 142)",
708,bitmap,41602,"(211, 142)",
709,bitmap,41603,"(203, 137)",
710,bitmap,41604,"(211, 142)",
711,bitmap,41605,"(211, 142)",
712,bitmap,41606,"(203, 137)",
713,bitmap,41607,"(211, 142)",
714,bitmap,41608,"(211, 142)",
715,bitmap,41609,"(203, 137)",
716,bitmap,41610,"(211, 142)",
717,bitmap,41611,"(203, 137)",
718,bitmap,41612,"(211, 142)",
719,bitmap,41613,"(211, 142)",
720,bitmap,41614,"(211, 142)",
721,bitmap,41615,"(203, 137)",
722,bitmap,41616,"(203, 137)",
723,bitmap,41617,"(203, 137)",
724,bitmap,41618,"(211, 142)",
725,bitmap,41620,"(211, 142)",
726,bitmap,41621,"(211, 142)",
727,bitmap,41622,"(203, 137)",
728,bitmap,41623,"(211, 142)",
729,bitmap,41624,"(211, 142)",
730,bitmap,41625,"(203, 137)",
731,bitmap,41626,"(203, 137)",
732,bitmap,41627,"(212, 142)",
733,bitmap,41764,"(214, 142)",
734,bitmap,41765,"(214, 142)",
735,bitmap,41766,"(205, 137)",
736,bitmap,41767,"(205, 137)",
737,bitmap,41768,"(182, 137)",
738,bitmap,41769,"(190, 142)",
739,bitmap,41770,"(182, 137)",
740,bitmap,41772,"(205, 137)",
741,bitmap,41773,"(205, 137)",
742,bitmap,41774,"(205, 137)",
743,bitmap,41777,"(205, 137)",
744,bitmap,41778,"(214, 142)",
745,bitmap,41779,"(205, 137)",
746,bitmap,41781,"(214, 142)",
747,bitmap,41782,"(214, 142)",
748,bitmap,41783,"(205, 137)",
749,bitmap,41784,"(205, 137)",
750,bitmap,41785,"(205, 137)",
751,bitmap,41786,"(205, 137)",
752,bitmap,41787,"(205, 137)",
753,bitmap,41788,"(214, 142)",
754,bitmap,41789,"(214, 142)",
755,bitmap,41790,"(214, 142)",
756,bitmap,41791,"(205, 137)",
757,bitmap,41792,"(205, 137)",
758,bitmap,41793,"(205, 137)",
759,bitmap,41794,"(205, 137)",
760,bitmap,41795,"(205, 137)",
761,bitmap,41796,"(205, 137)",
762,bitmap,41797,"(205, 137)",
763,bitmap,41798,"(214, 142)",
764,bitmap,41799,"(205, 137)",
765,bitmap,41800,"(205, 137)",
766,bitmap,41801,"(214, 142)",
767,bitmap,41802,"(205, 137)",
768,bitmap,5.02,"(50, 35)",
769,bitmap,5.07,"(50, 20)",
770,bitmap,5.09,"(50, 50)",
771,bitmap,50004,"(182, 137)",
772,bitmap,50005,"(182, 137)",
773,bitmap,50007,"(182, 137)",
774,bitmap,50008,"(182, 137)",
775,bitmap,50009,"(182, 137)",
776,bitmap,50011,"(206, 137)",
777,bitmap,50012,"(206, 137)",
778,bitmap,50013,"(206, 137)",
779,bitmap,50015,"(182, 137)",
780,bitmap,50016,"(182, 137)",
781,bitmap,50017,"(182, 136)",
782,bitmap,50019,"(182, 137)",
783,bitmap,50054,"(205, 137)",
784,bitmap,50056,"(202, 137)",
785,bitmap,50068,"(210, 141)",
786,bitmap,50189,"(205, 137)",
787,bitmap,50190,"(205, 137)",
788,bitmap,50191,"(205, 137)",
789,bitmap,6.01,"(50, 30)",
790,bitmap,6.02,"(50, 30)",
791,bitmap,6.09,"(50, 30)",
792,bitmap,6.16,"(50, 30)",
793,bitmap,6.17,"(50, 30)",
794,bitmap,6.22,"(50, 30)",